{
  "tests": [
    {
      "name": "01 Operaciones Básicas",
      "setup": "sudo -H pip3 install pytest",
      "run": "pytest assignments/01OperacionesBasicas",
      "input": "",
      "output": "",
      "comparison": "included",
      "timeout": 10,
      "points": 33
    },
    {
      "name": "02 Área Triángulo",
      "setup": "sudo -H pip3 install pytest",
      "run": "pytest assignments/02AreaTriangulo",
      "input": "",
      "output": "",
      "comparison": "included",
      "timeout": 10,
      "points": 33
    },
    {
      "name": "03 Promedio Calificaciones",
      "setup": "sudo -H pip3 install pytest",
      "run": "pytest assignments/03Promedio",
      "input": "",
      "output": "",
      "comparison": "included",
      "timeout": 10,
      "points": 34
    }
  ]
}